rank,volume_40ft,port_origin,rail_ramp,delivery,maersk_usd,maersk_status,msc_usd,msc_status,hapag_lloyd_usd,hapag_status,ssl_average_usd,allog_best_usd,allog_notes,quote_date,refresh_status,notes
1,140,Oakland CA,,Verdi NV,1965.00,Available,,No Service,,Pending,1965.00,1500.00,"Best Allog/provider rate; includes 2 days chassis",2026-08-21,In progress,"Maersk = 1825 haulage + 140 fuel. Hapag Rail+Door subtotal = 3915 + 110 + 80 + 158 = 4263; rail-only amount not found so isolated drayage is pending. Hapag shows Houston TX as first POD, not the final rail ramp. Working interpretation: container may discharge Houston, move inland by rail toward Oakland, then truck Oakland-area ramp to Verdi; Hapag does not expose the actual rail provider/ramp. Need a comparable rail-only quote to the Oakland-area rail destination before isolating Hapag drayage. Hapag quick quote shown valid 2026-08-21 through 2026-08-31."
2,90,New York NY,,Hatfield MA,,,,,,,,,,Refresh pending,"Fresh SSL and Allog/provider quotes required"
3,62,New York NY,,Portland ME,,,,,,,,,,Refresh pending,"Fresh SSL and Allog/provider quotes required"
4,37,Houston TX,,San Antonio TX,,,,,,,,,,Refresh pending,"Fresh SSL and Allog/provider quotes required"
5,24,Houston TX,,DeSoto TX,1630.00,Available,1495.00,Available,1629.00,Available,1584.67,,,2026-08-20,SSL refreshed,"Fresh SSL snapshot already captured; Allog/provider refresh still required for top-10 comparison"
6,19,Houston TX,Denver CO,Denver CO,,,,,,,,,,Refresh pending,"Use Denver rail ramp as local drayage basis"
7,18,Norfolk VA,Chicago IL,Eau Claire WI,,,,,,,,,,Refresh pending,"Use Chicago rail ramp as local drayage basis"
8,18,Savannah GA,Nashville TN,Lebanon TN,,,,,,,,,,Refresh pending,"Use Nashville rail ramp as local drayage basis"
9,17,Baltimore MD,,Baltimore MD,,,,,,,,,,Refresh pending,"Fresh SSL and Allog/provider quotes required"
10,16,Norfolk VA,,Sandston VA,,,,,,,,,,Refresh pending,"Fresh SSL and Allog/provider quotes required"
